label;url
фланц;https://github.com/PoklonskiyGS/main/tree/main/Part/simple.csv_image_0?raw=true
фланц;https://github.com/PoklonskiyGS/main/tree/main/Part/simple.csv_image_1?raw=true
фланц;https://github.com/PoklonskiyGS/main/tree/main/Part/simple.csv_image_2?raw=true
фланц;https://github.com/PoklonskiyGS/main/tree/main/Part/simple.csv_image_3?raw=true
фланц;https://github.com/PoklonskiyGS/main/tree/main/Part/simple.csv_image_4?raw=true
фланц;https://github.com/PoklonskiyGS/main/tree/main/Part/simple.csv_image_5?raw=true
фланц;https://github.com/PoklonskiyGS/main/tree/main/Part/simple.csv_image_6?raw=true
фланц;https://github.com/PoklonskiyGS/main/tree/main/Part/simple.csv_image_7?raw=true
фланц;https://github.com/PoklonskiyGS/main/tree/main/Part/simple.csv_image_8?raw=true
фланц;https://github.com/PoklonskiyGS/main/tree/main/Part/simple.csv_image_9?raw=true
фланц;https://github.com/PoklonskiyGS/main/tree/main/Part/simple.csv_image_10?raw=true
фланц;https://github.com/PoklonskiyGS/main/tree/main/Part/simple.csv_image_11?raw=true
фланц;https://github.com/PoklonskiyGS/main/tree/main/Part/simple.csv_image_12?raw=true
фланц;https://github.com/PoklonskiyGS/main/tree/main/Part/simple.csv_image_13?raw=true
фланц;https://github.com/PoklonskiyGS/main/tree/main/Part/simple.csv_image_14?raw=true
фланц;https://github.com/PoklonskiyGS/main/tree/main/Part/simple.csv_image_15?raw=true
фланц;https://github.com/PoklonskiyGS/main/tree/main/Part/simple.csv_image_16?raw=true
фланц;https://github.com/PoklonskiyGS/main/tree/main/Part/simple.csv_image_17?raw=true
фланц;https://github.com/PoklonskiyGS/main/tree/main/Part/simple.csv_image_18?raw=true
фланц;https://github.com/PoklonskiyGS/main/tree/main/Part/simple.csv_image_19?raw=true
фланц;https://github.com/PoklonskiyGS/main/tree/main/Part/simple.csv_image_20?raw=true
фланц;https://github.com/PoklonskiyGS/main/tree/main/Part/simple.csv_image_21?raw=true
фланц;https://github.com/PoklonskiyGS/main/tree/main/Part/simple.csv_image_22?raw=true
фланц;https://github.com/PoklonskiyGS/main/tree/main/Part/simple.csv_image_23?raw=true
фланц;https://github.com/PoklonskiyGS/main/tree/main/Part/simple.csv_image_24?raw=true
кроншт;https://github.com/PoklonskiyGS/main/tree/main/Part/simple.csv_image_25?raw=true
кроншт;https://github.com/PoklonskiyGS/main/tree/main/Part/simple.csv_image_26?raw=true
кроншт;https://github.com/PoklonskiyGS/main/tree/main/Part/simple.csv_image_27?raw=true
кроншт;https://github.com/PoklonskiyGS/main/tree/main/Part/simple.csv_image_28?raw=true
кроншт;https://github.com/PoklonskiyGS/main/tree/main/Part/simple.csv_image_29?raw=true
кроншт;https://github.com/PoklonskiyGS/main/tree/main/Part/simple.csv_image_30?raw=true
кроншт;https://github.com/PoklonskiyGS/main/tree/main/Part/simple.csv_image_31?raw=true
кроншт;https://github.com/PoklonskiyGS/main/tree/main/Part/simple.csv_image_32?raw=true
кроншт;https://github.com/PoklonskiyGS/main/tree/main/Part/simple.csv_image_33?raw=true
кроншт;https://github.com/PoklonskiyGS/main/tree/main/Part/simple.csv_image_34?raw=true
кроншт;https://github.com/PoklonskiyGS/main/tree/main/Part/simple.csv_image_35?raw=true
кроншт;https://github.com/PoklonskiyGS/main/tree/main/Part/simple.csv_image_36?raw=true
кроншт;https://github.com/PoklonskiyGS/main/tree/main/Part/simple.csv_image_37?raw=true
кроншт;https://github.com/PoklonskiyGS/main/tree/main/Part/simple.csv_image_38?raw=true
кроншт;https://github.com/PoklonskiyGS/main/tree/main/Part/simple.csv_image_39?raw=true
кроншт;https://github.com/PoklonskiyGS/main/tree/main/Part/simple.csv_image_40?raw=true
кроншт;https://github.com/PoklonskiyGS/main/tree/main/Part/simple.csv_image_41?raw=true
кроншт;https://github.com/PoklonskiyGS/main/tree/main/Part/simple.csv_image_42?raw=true
кроншт;https://github.com/PoklonskiyGS/main/tree/main/Part/simple.csv_image_43?raw=true
кроншт;https://github.com/PoklonskiyGS/main/tree/main/Part/simple.csv_image_44?raw=true
кроншт;https://github.com/PoklonskiyGS/main/tree/main/Part/simple.csv_image_45?raw=true
кроншт;https://github.com/PoklonskiyGS/main/tree/main/Part/simple.csv_image_46?raw=true
кроншт;https://github.com/PoklonskiyGS/main/tree/main/Part/simple.csv_image_47?raw=true
кроншт;https://github.com/PoklonskiyGS/main/tree/main/Part/simple.csv_image_48?raw=true
кроншт;https://github.com/PoklonskiyGS/main/tree/main/Part/simple.csv_image_49?raw=true
